{"packages/cupertino_icons/assets/CupertinoIcons.ttf":["packages/cupertino_icons/assets/CupertinoIcons.ttf"],"assets/icons/aboutus.png":["assets/icons/aboutus.png"],"assets/icons/bank.png":["assets/icons/bank.png"],"assets/icons/camera.png":["assets/icons/camera.png"],"assets/icons/career.png":["assets/icons/career.png"],"assets/icons/contactus.png":["assets/icons/contactus.png"],"assets/icons/home.png":["assets/icons/home.png"],"assets/icons/hunt.png":["assets/icons/hunt.png"],"assets/icons/internship.png":["assets/icons/internship.png"],"assets/icons/issue.png":["assets/icons/issue.png"],"assets/icons/list.png":["assets/icons/list.png"],"assets/icons/logout.png":["assets/icons/logout.png"],"assets/icons/mb_icon.png":["assets/icons/mb_icon.png"],"assets/icons/menu.png":["assets/icons/menu.png"],"assets/icons/money.png":["assets/icons/money.png"],"assets/icons/offers.png":["assets/icons/offers.png"],"assets/icons/privacy.png":["assets/icons/privacy.png"],"assets/icons/purchase.png":["assets/icons/purchase.png"],"assets/icons/share.png":["assets/icons/share.png"],"assets/icons/user.png":["assets/icons/user.png"]}